{"frames":{"firefly":{"frame":{"x":1201,"y":754,"w":57,"h":57},"rotated":false,"trimmed":false,"spriteSourceSize":{"x":0,"y":0,"w":57,"h":57},"sourceSize":{"w":57,"h":57}},"streetLampDark":{"frame":{"x":1201,"y":378,"w":147,"h":377},"rotated":false,"trimmed":false,"spriteSourceSize":{"x":0,"y":0,"w":123,"h":375},"sourceSize":{"w":123,"h":375}},"streetLampLit":{"frame":{"x":1201,"y":0,"w":147,"h":377},"rotated":false,"trimmed":false,"spriteSourceSize":{"x":0,"y":0,"w":147,"h":377},"sourceSize":{"w":147,"h":377}},"breakfastBar":{"frame":{"x":0,"y":0,"w":1200,"h":700},"rotated":false,"trimmed":false,"spriteSourceSize":{"x":0,"y":0,"w":1200,"h":700},"sourceSize":{"w":1200,"h":700}},"worldBackground":{"frame":{"x":0,"y":701,"w":1200,"h":700},"rotated":false,"trimmed":false,"spriteSourceSize":{"x":0,"y":0,"w":1200,"h":700},"sourceSize":{"w":1200,"h":700}}},"meta":{"app":"https://www.leshylabs.com/apps/sstool/","version":"Leshy SpriteSheet Tool v0.8.4","image":"FinalArtAssets.png","size":{"w":1348,"h":1401},"scale":1}}