{"frames":{"civilianSprite0001":{"frame":{"x":836,"y":1402,"w":131,"h":186},"rotated":false,"trimmed":false,"spriteSourceSize":{"x":0,"y":0,"w":131,"h":186},"sourceSize":{"w":131,"h":186}},"civilianSprite0002":{"frame":{"x":968,"y":1402,"w":131,"h":185},"rotated":false,"trimmed":false,"spriteSourceSize":{"x":0,"y":0,"w":131,"h":185},"sourceSize":{"w":131,"h":185}},"civilianSprite0003":{"frame":{"x":704,"y":1402,"w":131,"h":186},"rotated":false,"trimmed":false,"spriteSourceSize":{"x":0,"y":0,"w":131,"h":186},"sourceSize":{"w":131,"h":186}},"civilianSprite0004":{"frame":{"x":572,"y":1402,"w":131,"h":186},"rotated":false,"trimmed":false,"spriteSourceSize":{"x":0,"y":0,"w":131,"h":186},"sourceSize":{"w":131,"h":186}},"civilianSprite0005":{"frame":{"x":1100,"y":1402,"w":133,"h":176},"rotated":false,"trimmed":false,"spriteSourceSize":{"x":0,"y":0,"w":133,"h":176},"sourceSize":{"w":133,"h":176}},"civilianSprite0006":{"frame":{"x":440,"y":1402,"w":131,"h":186},"rotated":false,"trimmed":false,"spriteSourceSize":{"x":0,"y":0,"w":131,"h":186},"sourceSize":{"w":131,"h":186}},"doublePuddle":{"frame":{"x":1234,"y":1402,"w":182,"h":53},"rotated":false,"trimmed":false,"spriteSourceSize":{"x":0,"y":0,"w":182,"h":53},"sourceSize":{"w":182,"h":53}},"enemySprite0001":{"frame":{"x":1201,"y":1138,"w":147,"h":191},"rotated":false,"trimmed":false,"spriteSourceSize":{"x":0,"y":0,"w":147,"h":191},"sourceSize":{"w":147,"h":191}},"enemySprite0002":{"frame":{"x":294,"y":1402,"w":145,"h":191},"rotated":false,"trimmed":false,"spriteSourceSize":{"x":0,"y":0,"w":145,"h":191},"sourceSize":{"w":145,"h":191}},"enemySprite0003":{"frame":{"x":1201,"y":946,"w":147,"h":191},"rotated":false,"trimmed":false,"spriteSourceSize":{"x":0,"y":0,"w":147,"h":191},"sourceSize":{"w":147,"h":191}},"enemySprite0004":{"frame":{"x":147,"y":1402,"w":146,"h":191},"rotated":false,"trimmed":false,"spriteSourceSize":{"x":0,"y":0,"w":146,"h":191},"sourceSize":{"w":146,"h":191}},"enemySprite0005":{"frame":{"x":1201,"y":754,"w":147,"h":191},"rotated":false,"trimmed":false,"spriteSourceSize":{"x":0,"y":0,"w":147,"h":191},"sourceSize":{"w":147,"h":191}},"enemySprite0006":{"frame":{"x":0,"y":1402,"w":146,"h":191},"rotated":false,"trimmed":false,"spriteSourceSize":{"x":0,"y":0,"w":146,"h":191},"sourceSize":{"w":146,"h":191}},"firefly":{"frame":{"x":1234,"y":1506,"w":57,"h":57},"rotated":false,"trimmed":false,"spriteSourceSize":{"x":0,"y":0,"w":57,"h":57},"sourceSize":{"w":57,"h":57}},"playerSprite0001":{"frame":{"x":1349,"y":624,"w":151,"h":205},"rotated":false,"trimmed":false,"spriteSourceSize":{"x":0,"y":0,"w":151,"h":205},"sourceSize":{"w":151,"h":205}},"playerSprite0002":{"frame":{"x":1349,"y":1036,"w":149,"h":202},"rotated":false,"trimmed":false,"spriteSourceSize":{"x":0,"y":0,"w":149,"h":202},"sourceSize":{"w":149,"h":202}},"playerSprite0003":{"frame":{"x":1349,"y":830,"w":151,"h":205},"rotated":false,"trimmed":false,"spriteSourceSize":{"x":0,"y":0,"w":151,"h":205},"sourceSize":{"w":151,"h":205}},"playerSprite0004":{"frame":{"x":1349,"y":416,"w":150,"h":207},"rotated":false,"trimmed":false,"spriteSourceSize":{"x":0,"y":0,"w":150,"h":207},"sourceSize":{"w":150,"h":207}},"playerSprite0005":{"frame":{"x":1349,"y":0,"w":153,"h":207},"rotated":false,"trimmed":false,"spriteSourceSize":{"x":0,"y":0,"w":153,"h":207},"sourceSize":{"w":153,"h":207}},"playerSprite0006":{"frame":{"x":1349,"y":208,"w":150,"h":207},"rotated":false,"trimmed":false,"spriteSourceSize":{"x":0,"y":0,"w":150,"h":207},"sourceSize":{"w":150,"h":207}},"singlePuddle":{"frame":{"x":1234,"y":1456,"w":116,"h":49},"rotated":false,"trimmed":false,"spriteSourceSize":{"x":0,"y":0,"w":116,"h":49},"sourceSize":{"w":116,"h":49}},"streetLampDark":{"frame":{"x":1201,"y":378,"w":123,"h":375},"rotated":false,"trimmed":false,"spriteSourceSize":{"x":0,"y":0,"w":123,"h":375},"sourceSize":{"w":123,"h":375}},"streetLampLit":{"frame":{"x":1201,"y":0,"w":147,"h":377},"rotated":false,"trimmed":false,"spriteSourceSize":{"x":0,"y":0,"w":147,"h":377},"sourceSize":{"w":147,"h":377}},"breakfastBar":{"frame":{"x":0,"y":701,"w":1200,"h":700},"rotated":false,"trimmed":false,"spriteSourceSize":{"x":0,"y":0,"w":1200,"h":700},"sourceSize":{"w":1200,"h":700}},"worldBackground":{"frame":{"x":0,"y":0,"w":1200,"h":700},"rotated":false,"trimmed":false,"spriteSourceSize":{"x":0,"y":0,"w":1200,"h":700},"sourceSize":{"w":1200,"h":700}}},"meta":{"app":"https://www.leshylabs.com/apps/sstool/","version":"Leshy SpriteSheet Tool v0.8.4","image":"finalArtAssets.png","size":{"w":1502,"h":1593},"scale":1}}