{"frames":{"gradient_000022":{"frame":{"x":0,"y":700,"w":1200,"h":700},"rotated":false,"trimmed":false,"spriteSourceSize":{"x":0,"y":0,"w":1200,"h":700},"sourceSize":{"w":1200,"h":700}},"gradient_000023":{"frame":{"x":3600,"y":1400,"w":1200,"h":700},"rotated":false,"trimmed":false,"spriteSourceSize":{"x":0,"y":0,"w":1200,"h":700},"sourceSize":{"w":1200,"h":700}},"gradient_000025":{"frame":{"x":0,"y":1400,"w":1200,"h":700},"rotated":false,"trimmed":false,"spriteSourceSize":{"x":0,"y":0,"w":1200,"h":700},"sourceSize":{"w":1200,"h":700}},"gradient_000024":{"frame":{"x":1200,"y":0,"w":1200,"h":700},"rotated":false,"trimmed":false,"spriteSourceSize":{"x":0,"y":0,"w":1200,"h":700},"sourceSize":{"w":1200,"h":700}},"gradient_000026":{"frame":{"x":1200,"y":700,"w":1200,"h":700},"rotated":false,"trimmed":false,"spriteSourceSize":{"x":0,"y":0,"w":1200,"h":700},"sourceSize":{"w":1200,"h":700}},"gradient_000027":{"frame":{"x":1200,"y":1400,"w":1200,"h":700},"rotated":false,"trimmed":false,"spriteSourceSize":{"x":0,"y":0,"w":1200,"h":700},"sourceSize":{"w":1200,"h":700}},"gradient_000028":{"frame":{"x":0,"y":2100,"w":1200,"h":700},"rotated":false,"trimmed":false,"spriteSourceSize":{"x":0,"y":0,"w":1200,"h":700},"sourceSize":{"w":1200,"h":700}},"gradient_000029":{"frame":{"x":1200,"y":2100,"w":1200,"h":700},"rotated":false,"trimmed":false,"spriteSourceSize":{"x":0,"y":0,"w":1200,"h":700},"sourceSize":{"w":1200,"h":700}},"gradient_000030":{"frame":{"x":0,"y":2800,"w":1200,"h":700},"rotated":false,"trimmed":false,"spriteSourceSize":{"x":0,"y":0,"w":1200,"h":700},"sourceSize":{"w":1200,"h":700}},"gradient_000031":{"frame":{"x":1200,"y":2800,"w":1200,"h":700},"rotated":false,"trimmed":false,"spriteSourceSize":{"x":0,"y":0,"w":1200,"h":700},"sourceSize":{"w":1200,"h":700}},"gradient_000032":{"frame":{"x":2400,"y":0,"w":1200,"h":700},"rotated":false,"trimmed":false,"spriteSourceSize":{"x":0,"y":0,"w":1200,"h":700},"sourceSize":{"w":1200,"h":700}},"gradient_000033":{"frame":{"x":2400,"y":700,"w":1200,"h":700},"rotated":false,"trimmed":false,"spriteSourceSize":{"x":0,"y":0,"w":1200,"h":700},"sourceSize":{"w":1200,"h":700}},"gradient_000034":{"frame":{"x":2400,"y":1400,"w":1200,"h":700},"rotated":false,"trimmed":false,"spriteSourceSize":{"x":0,"y":0,"w":1200,"h":700},"sourceSize":{"w":1200,"h":700}},"gradient_000035":{"frame":{"x":2400,"y":2100,"w":1200,"h":700},"rotated":false,"trimmed":false,"spriteSourceSize":{"x":0,"y":0,"w":1200,"h":700},"sourceSize":{"w":1200,"h":700}},"gradient_000036":{"frame":{"x":2400,"y":2800,"w":1200,"h":700},"rotated":false,"trimmed":false,"spriteSourceSize":{"x":0,"y":0,"w":1200,"h":700},"sourceSize":{"w":1200,"h":700}},"gradient_000037":{"frame":{"x":0,"y":3500,"w":1200,"h":700},"rotated":false,"trimmed":false,"spriteSourceSize":{"x":0,"y":0,"w":1200,"h":700},"sourceSize":{"w":1200,"h":700}},"gradient_000038":{"frame":{"x":1200,"y":3500,"w":1200,"h":700},"rotated":false,"trimmed":false,"spriteSourceSize":{"x":0,"y":0,"w":1200,"h":700},"sourceSize":{"w":1200,"h":700}},"gradient_000039":{"frame":{"x":2400,"y":3500,"w":1200,"h":700},"rotated":false,"trimmed":false,"spriteSourceSize":{"x":0,"y":0,"w":1200,"h":700},"sourceSize":{"w":1200,"h":700}},"gradient_000000":{"frame":{"x":3600,"y":0,"w":1200,"h":700},"rotated":false,"trimmed":false,"spriteSourceSize":{"x":0,"y":0,"w":1200,"h":700},"sourceSize":{"w":1200,"h":700}},"gradient_000001":{"frame":{"x":3600,"y":700,"w":1200,"h":700},"rotated":false,"trimmed":false,"spriteSourceSize":{"x":0,"y":0,"w":1200,"h":700},"sourceSize":{"w":1200,"h":700}},"gradient_000002":{"frame":{"x":0,"y":0,"w":1200,"h":700},"rotated":false,"trimmed":false,"spriteSourceSize":{"x":0,"y":0,"w":1200,"h":700},"sourceSize":{"w":1200,"h":700}},"gradient_000003":{"frame":{"x":3600,"y":2100,"w":1200,"h":700},"rotated":false,"trimmed":false,"spriteSourceSize":{"x":0,"y":0,"w":1200,"h":700},"sourceSize":{"w":1200,"h":700}},"gradient_000004":{"frame":{"x":3600,"y":2800,"w":1200,"h":700},"rotated":false,"trimmed":false,"spriteSourceSize":{"x":0,"y":0,"w":1200,"h":700},"sourceSize":{"w":1200,"h":700}},"gradient_000007":{"frame":{"x":3600,"y":3500,"w":1200,"h":700},"rotated":false,"trimmed":false,"spriteSourceSize":{"x":0,"y":0,"w":1200,"h":700},"sourceSize":{"w":1200,"h":700}},"gradient_000008":{"frame":{"x":0,"y":4200,"w":1200,"h":700},"rotated":false,"trimmed":false,"spriteSourceSize":{"x":0,"y":0,"w":1200,"h":700},"sourceSize":{"w":1200,"h":700}},"gradient_000009":{"frame":{"x":1200,"y":4200,"w":1200,"h":700},"rotated":false,"trimmed":false,"spriteSourceSize":{"x":0,"y":0,"w":1200,"h":700},"sourceSize":{"w":1200,"h":700}},"gradient_000010":{"frame":{"x":2400,"y":4200,"w":1200,"h":700},"rotated":false,"trimmed":false,"spriteSourceSize":{"x":0,"y":0,"w":1200,"h":700},"sourceSize":{"w":1200,"h":700}},"gradient_000006":{"frame":{"x":3600,"y":4200,"w":1200,"h":700},"rotated":false,"trimmed":false,"spriteSourceSize":{"x":0,"y":0,"w":1200,"h":700},"sourceSize":{"w":1200,"h":700}},"gradient_000011":{"frame":{"x":0,"y":4900,"w":1200,"h":700},"rotated":false,"trimmed":false,"spriteSourceSize":{"x":0,"y":0,"w":1200,"h":700},"sourceSize":{"w":1200,"h":700}},"gradient_000013":{"frame":{"x":1200,"y":4900,"w":1200,"h":700},"rotated":false,"trimmed":false,"spriteSourceSize":{"x":0,"y":0,"w":1200,"h":700},"sourceSize":{"w":1200,"h":700}},"gradient_000014":{"frame":{"x":2400,"y":4900,"w":1200,"h":700},"rotated":false,"trimmed":false,"spriteSourceSize":{"x":0,"y":0,"w":1200,"h":700},"sourceSize":{"w":1200,"h":700}},"gradient_000015":{"frame":{"x":3600,"y":4900,"w":1200,"h":700},"rotated":false,"trimmed":false,"spriteSourceSize":{"x":0,"y":0,"w":1200,"h":700},"sourceSize":{"w":1200,"h":700}},"gradient_000016":{"frame":{"x":4800,"y":0,"w":1200,"h":700},"rotated":false,"trimmed":false,"spriteSourceSize":{"x":0,"y":0,"w":1200,"h":700},"sourceSize":{"w":1200,"h":700}},"gradient_000017":{"frame":{"x":4800,"y":700,"w":1200,"h":700},"rotated":false,"trimmed":false,"spriteSourceSize":{"x":0,"y":0,"w":1200,"h":700},"sourceSize":{"w":1200,"h":700}},"gradient_000018":{"frame":{"x":4800,"y":1400,"w":1200,"h":700},"rotated":false,"trimmed":false,"spriteSourceSize":{"x":0,"y":0,"w":1200,"h":700},"sourceSize":{"w":1200,"h":700}},"gradient_000019":{"frame":{"x":4800,"y":2100,"w":1200,"h":700},"rotated":false,"trimmed":false,"spriteSourceSize":{"x":0,"y":0,"w":1200,"h":700},"sourceSize":{"w":1200,"h":700}},"gradient_000020":{"frame":{"x":4800,"y":2800,"w":1200,"h":700},"rotated":false,"trimmed":false,"spriteSourceSize":{"x":0,"y":0,"w":1200,"h":700},"sourceSize":{"w":1200,"h":700}},"gradient_000021":{"frame":{"x":4800,"y":3500,"w":1200,"h":700},"rotated":false,"trimmed":false,"spriteSourceSize":{"x":0,"y":0,"w":1200,"h":700},"sourceSize":{"w":1200,"h":700}},"gradient_000005":{"frame":{"x":4800,"y":4200,"w":1200,"h":700},"rotated":false,"trimmed":false,"spriteSourceSize":{"x":0,"y":0,"w":1200,"h":700},"sourceSize":{"w":1200,"h":700}},"gradient_000012":{"frame":{"x":4800,"y":4900,"w":1200,"h":700},"rotated":false,"trimmed":false,"spriteSourceSize":{"x":0,"y":0,"w":1200,"h":700},"sourceSize":{"w":1200,"h":700}}},"meta":{"app":"https://www.leshylabs.com/apps/sstool/","version":"Leshy SpriteSheet Tool v0.8.4","image":"gradient.png","size":{"w":6000,"h":5600},"scale":1}}