{"frames":{"civilianSprite":{"frame":{"x":246,"y":748,"w":85,"h":100},"rotated":false,"trimmed":false,"spriteSourceSize":{"x":0,"y":0,"w":85,"h":100},"sourceSize":{"w":85,"h":100}},"enemySprite":{"frame":{"x":332,"y":748,"w":85,"h":100},"rotated":false,"trimmed":false,"spriteSourceSize":{"x":0,"y":0,"w":85,"h":100},"sourceSize":{"w":85,"h":100}},"firefly":{"frame":{"x":157,"y":852,"w":38,"h":32},"rotated":false,"trimmed":false,"spriteSourceSize":{"x":0,"y":0,"w":38,"h":32},"sourceSize":{"w":38,"h":32}},"heartIcon":{"frame":{"x":157,"y":701,"w":48,"h":46},"rotated":false,"trimmed":false,"spriteSourceSize":{"x":0,"y":0,"w":48,"h":46},"sourceSize":{"w":48,"h":46}},"playerSprite":{"frame":{"x":157,"y":748,"w":88,"h":103},"rotated":false,"trimmed":false,"spriteSourceSize":{"x":0,"y":0,"w":88,"h":103},"sourceSize":{"w":88,"h":103}},"streetLamp":{"frame":{"x":0,"y":701,"w":156,"h":213},"rotated":false,"trimmed":false,"spriteSourceSize":{"x":0,"y":0,"w":156,"h":213},"sourceSize":{"w":156,"h":213}},"toxicPuddle":{"frame":{"x":418,"y":748,"w":281,"h":76},"rotated":false,"trimmed":false,"spriteSourceSize":{"x":0,"y":0,"w":281,"h":76},"sourceSize":{"w":281,"h":76}},"shopBackground":{"frame":{"x":0,"y":915,"w":1200,"h":700},"rotated":false,"trimmed":false,"spriteSourceSize":{"x":0,"y":0,"w":1200,"h":700},"sourceSize":{"w":1200,"h":700}},"worldBackground":{"frame":{"x":0,"y":0,"w":1200,"h":700},"rotated":false,"trimmed":false,"spriteSourceSize":{"x":0,"y":0,"w":1200,"h":700},"sourceSize":{"w":1200,"h":700}}},"meta":{"app":"https://www.leshylabs.com/apps/sstool/","version":"Leshy SpriteSheet Tool v0.8.4","image":"placeholderArt.png","size":{"w":1200,"h":1615},"scale":1}}